record_id,plot_area_ha,rainfall_mm,soil_ph,seed_kg,distance_km,arrival_hour,actual_yield_kg,dispatch_attention
R0001,3.94,73.1,7.05,146.2,17.0,5.1,4019.1,0
R0002,2.36,93.7,4.97,360.3,24.5,9.4,3472.9,0
R0003,4.34,112.9,6.7,115.7,37.5,15.4,4981.8,1
R0004,3.58,145.1,5.08,79.7,19.2,15.9,4489.7,1
R0005,0.74,71.5,5.31,169.7,8.7,6.8,1261.9,0
R0006,4.89,141.7,6.63,301.2,15.7,15.1,5975.5,1
R0007,3.88,42.7,7.44,332.6,16.4,6.5,4571.5,0
R0008,3.99,101.1,6.33,399.6,6.1,10.1,5122.2,0
R0009,0.9,109.7,4.66,153.7,7.4,18.0,1848.7,0
R0010,2.42,51.6,6.35,192.8,27.7,7.5,2813.2,0
R0011,2.04,55.4,,97.9,14.2,7.0,2268.3,0
R0012,4.66,86.1,7.15,251.2,38.2,10.5,4904.1,0
R0013,3.33,146.3,6.63,399.2,10.5,13.1,4797.5,0
R0014,4.17,105.6,5.02,295.3,4.9,17.1,5111.9,1
R0015,2.38,142.6,4.78,258.3,30.4,17.8,3353.3,1
R0016,1.37,128.5,5.05,187.3,35.4,5.9,2389.8,1
R0017,2.91,91.4,7.44,370.4,11.8,6.8,3670.7,0
R0018,0.6,126.3,5.88,223.9,8.9,15.3,1737.4,1
R0019,4.19,42.0,6.85,97.0,8.2,8.5,4243.6,0
R0020,3.27,52.0,6.41,177.9,21.4,16.5,3311.4,0
R0021,3.86,131.2,6.22,73.5,19.3,13.6,4726.0,1
R0022,1.97,127.6,4.94,120.7,11.1,6.5,3024.4,1
R0023,4.86,65.6,7.34,56.2,2.8,15.8,4893.5,1
R0024,4.5,98.4,5.4,208.6,19.8,7.3,4752.4,0
R0025,3.96,106.7,6.23,272.1,38.4,10.5,4676.3,0
R0026,1.21,135.5,6.6,170.2,26.4,12.2,2606.8,1
R0027,2.49,106.3,6.45,197.1,20.3,11.5,2967.9,0
R0028,0.51,85.4,7.32,385.7,5.3,13.9,1618.4,0
R0029,1.03,81.2,4.95,313.2,10.8,13.5,1806.9,0
R0030,3.51,86.8,6.03,239.3,12.5,17.9,4331.9,0
R0031,3.8,111.7,5.71,149.6,30.8,18.0,4427.1,1
R0032,4.85,135.4,5.92,363.9,35.2,11.7,6051.5,1
R0033,1.83,89.9,4.86,132.3,36.2,6.2,2577.6,0
R0034,2.04,67.3,4.9,163.9,39.4,14.5,2828.1,1
R0035,2.51,66.0,5.33,368.2,39.3,17.7,3278.6,1
R0036,1.19,122.1,5.41,235.3,38.2,9.1,2432.2,1
R0037,0.91,129.8,5.78,309.8,3.8,11.0,2092.3,1
R0038,2.54,51.6,6.33,256.8,6.4,10.5,3261.9,0
R0039,1.37,47.3,6.4,278.7,12.9,5.7,1913.8,0
R0040,3.45,105.4,5.74,154.8,22.6,13.7,4087.8,0
R0041,2.35,56.1,5.73,134.5,4.8,9.6,2753.4,0
R0042,4.21,130.7,5.15,162.9,34.0,15.2,4800.4,1
R0043,3.59,74.1,6.26,104.4,25.1,15.8,4014.6,1
R0044,1.77,55.8,5.45,356.0,22.2,15.7,2696.0,1
R0045,4.21,141.3,4.61,149.1,7.4,10.4,5085.9,0
R0046,4.08,58.2,5.76,246.5,10.9,9.2,4261.3,0
R0047,2.12,71.3,5.92,327.2,7.3,14.7,2947.5,0
R0048,1.66,56.9,5.18,324.3,34.2,15.4,2505.3,1
R0049,3.51,52.7,6.22,203.4,23.8,11.4,3604.0,0
R0050,0.96,42.3,6.2,216.7,29.7,16.6,1366.2,1
R0051,1.24,46.1,6.61,398.1,12.5,6.9,2206.7,0
R0052,0.33,59.2,6.44,286.1,15.5,16.4,1238.0,0
R0053,4.0,45.9,6.46,335.1,16.8,6.2,4528.9,0
R0054,3.42,105.0,5.45,365.9,30.6,7.0,4723.3,0
R0055,3.61,114.9,6.86,325.7,31.1,11.9,4709.6,0
R0056,3.97,83.3,6.15,114.8,9.1,5.9,4510.2,0
R0057,2.46,75.0,5.79,246.8,37.7,5.7,3584.1,1
R0058,2.97,95.5,6.38,85.7,5.7,5.0,3532.2,0
R0059,0.96,136.3,5.58,278.5,35.9,10.7,2237.1,1
R0060,0.84,133.6,6.04,384.4,4.9,15.1,2464.5,1
R0061,3.44,44.8,6.71,229.5,11.3,5.5,3854.1,0
R0062,2.51,60.0,7.16,201.5,34.0,13.5,2925.4,1
R0063,2.96,66.0,7.26,62.5,8.0,15.7,3085.9,0
R0064,3.9,67.4,6.01,385.9,17.1,7.2,4973.1,0
R0065,3.28,102.8,6.06,86.1,18.5,6.9,3951.8,0
R0066,2.9,85.8,6.9,64.4,10.6,16.2,3263.6,0
R0067,2.93,45.4,5.44,136.1,28.7,15.7,3318.6,1
R0068,1.73,81.1,7.01,72.9,34.2,12.0,2272.5,0
R0069,0.44,97.6,5.98,209.3,35.1,15.6,1450.9,1
R0070,2.35,51.2,4.85,230.6,14.2,6.2,2881.9,0
R0071,1.31,131.7,4.72,159.4,21.7,10.1,2190.3,1
R0072,2.22,45.7,7.03,67.8,10.7,14.6,2490.6,0
R0073,4.31,141.7,4.67,89.1,10.5,8.3,5339.6,1
R0074,1.4,50.9,5.34,184.6,7.3,14.8,1984.4,0
R0075,0.57,132.8,5.5,71.2,37.7,11.6,1606.2,1
R0076,1.62,139.3,5.02,294.4,35.6,14.8,2882.2,1
R0077,1.68,147.8,5.44,122.5,31.3,11.0,2793.5,1
R0078,3.41,128.2,6.73,155.7,21.2,9.8,4278.8,0
R0079,2.92,125.7,4.54,187.9,20.1,7.8,3748.6,0
R0080,3.98,110.7,6.98,195.8,21.7,7.7,4874.4,0
R0081,3.42,125.7,7.07,50.6,21.9,14.8,3869.2,1
R0082,2.21,54.8,5.62,89.2,17.9,6.5,2677.0,0
R0083,4.13,99.0,4.96,352.0,6.1,6.1,4918.5,0
R0084,1.08,96.6,6.3,50.4,5.9,7.3,1876.5,0
R0085,0.41,134.3,4.86,227.9,38.1,7.3,1544.4,1
R0086,0.72,90.9,5.59,221.3,19.8,15.7,1891.6,0
R0087,3.7,82.4,7.38,166.6,38.2,10.2,4370.2,0
R0088,2.47,110.4,7.49,201.0,7.4,17.9,3485.1,0
R0089,1.06,69.3,6.82,323.2,22.6,6.8,1750.6,0
R0090,2.65,55.4,5.43,344.4,9.1,13.5,3445.5,0
R0091,1.02,92.6,6.56,141.1,10.9,10.8,1926.0,0
R0092,3.57,85.9,6.62,162.9,2.2,10.1,3896.7,0
R0093,2.4,65.6,5.66,134.9,5.6,16.4,2871.8,1
R0094,2.09,80.4,6.42,218.0,36.8,17.7,2903.9,1
R0095,1.72,80.3,4.53,289.1,13.5,16.3,2595.9,0
R0096,3.26,76.0,5.13,129.9,24.7,7.5,3717.6,1
R0097,2.0,81.7,6.08,165.8,19.1,7.9,2745.4,0
R0098,0.71,115.4,4.99,375.6,16.6,13.5,2288.1,0
R0099,0.85,72.7,5.0,67.0,21.7,8.8,1573.4,0
R0100,4.82,144.4,7.01,211.3,8.3,14.6,5353.8,1
R0101,4.57,140.8,7.47,299.0,39.6,12.4,5575.8,1
R0102,3.59,92.9,6.17,102.7,32.9,12.2,4103.5,0
R0103,1.55,76.1,7.02,66.6,29.9,15.8,1814.0,1
R0104,4.86,98.9,7.47,98.4,19.3,14.2,5262.4,0
R0105,3.96,133.3,4.92,371.6,7.0,5.3,5309.6,0
R0106,3.67,111.8,5.84,53.2,36.9,5.6,4109.0,1
R0107,2.41,128.5,5.68,115.9,14.3,12.8,3410.5,1
R0108,1.58,98.6,4.74,60.9,3.0,11.3,2079.5,0
R0109,0.75,109.6,6.77,88.7,14.4,8.4,1571.1,0
R0110,4.54,71.7,5.8,267.1,32.0,10.4,5275.5,0
R0111,2.44,120.8,5.91,134.6,25.3,14.9,3279.6,1
R0112,1.25,62.3,4.95,249.2,30.3,15.7,2004.0,1
R0113,1.74,116.4,5.04,256.6,32.0,12.3,2547.6,1
R0114,3.02,134.7,7.22,347.3,9.3,10.0,4554.3,0
R0115,1.13,54.5,4.63,51.7,37.0,8.5,1522.4,0
R0116,4.33,107.6,5.2,348.7,18.1,11.8,5213.5,0
R0117,3.87,50.5,5.38,266.7,25.9,9.1,4346.5,0
R0118,3.68,119.8,5.97,107.0,1.1,12.3,4217.3,0
R0119,2.33,49.3,6.26,320.5,39.7,13.8,3149.4,0
R0120,3.25,143.0,5.98,349.4,12.0,5.9,4542.6,0
R0121,3.05,55.1,4.75,139.0,3.4,5.0,3279.6,0
R0122,3.35,145.5,5.23,371.6,18.9,7.8,4625.0,0
R0123,0.7,128.1,7.03,209.1,6.0,16.6,1853.8,1
R0124,2.25,105.3,6.41,261.2,6.9,13.4,3361.6,0
R0125,0.5,126.1,6.45,394.6,25.7,7.2,2086.6,1
R0126,2.62,127.5,6.51,176.5,16.3,16.6,3736.7,1
R0127,1.85,144.1,6.79,334.6,37.0,11.1,3304.5,1
R0128,0.98,67.9,4.67,161.4,13.4,11.2,1650.6,0
R0129,0.79,104.9,5.6,329.7,29.3,17.2,1967.5,1
R0130,3.06,50.5,6.12,260.3,19.0,5.8,3882.7,0
R0131,1.1,107.8,5.52,125.7,26.7,7.8,1787.3,1
R0132,4.65,58.8,7.03,194.9,24.4,12.6,5109.3,0
R0133,3.03,102.1,5.95,161.2,19.4,7.5,3988.3,0
R0134,1.93,103.0,6.81,77.3,38.1,13.8,2534.2,1
R0135,3.08,91.3,7.06,60.4,14.4,7.8,3897.8,0
R0136,0.41,97.5,6.01,171.3,7.9,6.3,1553.8,0
R0137,4.81,124.0,7.23,56.7,27.4,7.7,5509.3,1
R0138,2.57,127.9,6.26,107.9,34.0,10.5,3502.1,1
R0139,3.98,94.1,7.05,303.8,2.6,7.3,4729.0,0
R0140,0.69,106.0,5.52,297.8,18.5,6.8,1865.8,0
R0141,2.59,142.4,6.0,308.5,35.8,16.2,3989.9,1
R0142,2.61,53.2,6.09,161.0,30.2,9.2,3225.8,0
R0143,4.71,52.9,4.81,361.5,39.7,9.7,5154.4,0
R0144,2.99,49.6,5.7,257.8,21.7,5.7,3327.8,0
R0145,2.53,112.4,7.25,94.1,26.7,9.6,3396.9,0
R0146,1.55,86.0,6.39,100.3,12.8,8.4,2370.2,0
R0147,1.86,125.2,5.03,292.6,38.0,12.9,3157.9,1
R0148,2.75,113.8,5.52,110.5,15.3,7.7,3644.5,0
R0149,2.36,76.7,5.07,227.6,29.8,16.5,2987.3,1
R0150,0.4,138.8,4.57,397.1,16.7,17.1,1820.4,1
R0151,4.18,123.9,7.28,51.4,22.9,6.3,4653.4,1
R0152,4.51,69.8,5.84,55.8,29.1,6.4,4450.6,0
R0153,0.96,80.1,5.42,397.6,20.8,6.5,2112.4,0
R0154,2.9,74.6,6.3,254.6,36.4,13.1,3575.8,0
R0155,0.81,57.3,4.52,94.4,17.4,6.6,1150.1,0
R0156,3.46,56.3,5.33,364.1,26.2,16.1,3636.9,1
R0157,1.62,143.0,6.61,358.1,14.4,14.8,2945.3,1
R0158,3.4,88.2,6.4,237.7,16.9,15.7,4288.7,0
R0159,3.72,82.2,7.45,267.6,18.2,11.8,4244.8,0
R0160,3.91,120.3,6.36,145.6,5.9,18.0,4752.9,1
R0161,0.81,100.8,5.93,67.7,4.6,5.6,1425.4,0
R0162,4.61,143.0,6.78,258.1,27.0,10.2,5882.5,1
R0163,1.38,125.8,7.21,153.2,26.6,9.2,2415.8,1
R0164,0.48,92.7,6.66,282.3,26.9,17.3,1632.1,1
R0165,2.91,81.4,7.39,342.7,1.8,12.5,4076.5,0
R0166,2.04,148.5,6.85,56.4,13.7,15.5,3319.2,1
R0167,4.2,119.0,7.1,258.5,8.7,7.2,5041.4,0
R0168,4.1,144.6,4.84,130.9,31.3,17.7,4880.2,1
R0169,1.79,53.0,6.7,355.9,34.6,11.5,2510.0,1
R0170,4.78,133.6,5.82,138.8,10.6,11.4,5649.7,0
R0171,1.67,110.1,6.16,263.8,27.0,17.6,2763.7,1
R0172,2.72,53.4,6.46,243.7,6.0,9.9,3178.8,0
R0173,1.5,104.7,7.41,188.7,11.7,10.2,2632.2,0
R0174,4.7,115.5,7.45,287.2,6.4,12.6,5505.2,0
R0175,1.07,41.4,5.36,304.0,12.1,6.7,2066.9,0
R0176,0.51,90.0,6.7,248.4,27.3,9.2,1555.2,0
R0177,2.34,130.8,6.75,315.4,36.5,7.5,3881.2,1
R0178,4.96,72.5,5.54,394.2,8.9,6.3,5671.5,0
R0179,4.49,90.4,4.87,196.7,22.1,16.3,5132.9,1
R0180,3.82,88.7,4.62,230.1,28.4,12.7,4284.2,0
R0181,4.49,73.2,6.83,54.4,38.2,9.7,4564.3,0
R0182,4.5,141.0,5.97,328.6,24.8,10.3,5737.7,1
R0183,2.74,125.9,7.46,232.1,10.9,10.6,3906.1,0
R0184,1.78,52.2,5.89,192.8,25.4,13.2,2311.0,0
R0185,3.93,149.7,7.43,82.9,13.5,17.0,4605.5,1
R0186,3.41,136.7,5.73,361.4,39.1,17.1,4491.8,1
R0187,2.06,71.2,6.88,188.3,16.6,10.1,2473.5,0
R0188,0.74,132.1,4.75,288.9,27.7,9.3,1806.9,1
R0189,3.81,51.7,6.17,102.3,1.9,10.9,4012.4,0
R0190,1.53,149.9,6.91,386.5,16.6,12.4,3304.5,0
R0191,4.7,113.2,7.27,112.5,35.1,11.0,5256.5,0
R0192,1.43,111.5,6.97,119.8,24.8,13.6,1995.9,0
R0193,0.88,49.9,4.61,350.6,18.3,12.2,1587.4,0
R0194,4.21,138.7,5.62,369.4,37.5,9.2,5414.8,1
R0195,1.02,43.2,4.65,124.3,34.3,9.5,1668.3,1
R0196,1.14,66.5,4.83,214.4,13.6,9.9,1586.0,0
R0197,3.12,55.7,6.53,306.7,22.2,6.2,3650.7,0
R0198,4.41,125.4,6.64,357.4,20.1,7.2,5756.4,1
R0199,1.22,61.8,6.82,182.7,25.7,14.4,1918.6,1
R0200,1.76,140.2,7.1,231.0,14.0,10.1,3104.2,0
R0201,3.95,112.2,6.72,309.6,10.5,7.8,4923.4,0
R0202,4.87,44.0,6.9,305.9,36.6,12.3,5223.7,1
R0203,2.65,40.6,4.65,324.0,37.0,14.8,3216.3,1
R0204,0.98,45.7,5.2,249.5,33.9,8.3,1460.4,0
R0205,0.37,106.7,6.37,86.6,39.1,15.7,1447.1,1
R0206,1.38,128.2,7.07,366.4,30.1,17.1,2581.0,1
R0207,0.92,66.2,4.51,353.0,30.8,12.8,1822.1,0
R0208,3.48,133.4,6.04,329.3,30.7,13.7,4718.9,1
R0209,0.87,46.3,6.53,85.0,19.7,5.7,1184.1,0
R0210,2.68,128.1,4.59,121.5,18.8,17.3,3512.0,1
R0211,3.56,142.1,5.7,310.3,10.4,10.1,4702.9,1
R0212,3.03,124.9,7.19,58.1,26.1,17.0,3613.4,1
R0213,1.24,116.8,6.51,392.7,12.3,12.5,2582.6,0
R0214,4.08,132.2,5.21,182.0,11.1,5.1,4797.8,0
R0215,3.66,44.4,7.06,301.8,23.9,5.5,4120.7,0
R0216,3.77,62.2,5.54,360.6,17.0,13.8,4241.6,0
R0217,0.92,53.7,7.06,188.1,9.5,12.3,1617.0,0
R0218,0.88,95.5,5.4,161.7,32.8,5.3,1595.7,1
R0219,4.66,122.0,6.27,263.1,34.6,14.7,5479.5,1
R0220,2.17,109.3,5.69,253.3,7.5,16.1,3103.3,0
R0006,4.89,141.7,6.63,301.2,15.7,15.1,5975.5,1
