record_id,cluster_label
R0001,3
R0002,1
R0003,4
R0004,4
R0005,3
R0006,0
R0007,3
R0008,0
R0009,2
R0010,3
R0012,4
R0013,0
R0014,0
R0015,2
R0016,2
R0017,0
R0018,2
R0019,3
R0020,4
R0021,4
R0022,3
R0023,4
R0024,0
R0025,4
R0026,2
R0027,4
R0028,2
R0029,1
R0030,4
R0031,4
R0032,0
R0033,3
R0034,1
R0035,1
R0036,2
R0037,2
R0038,3
R0039,3
R0040,4
R0041,3
R0042,4
R0043,4
R0044,1
R0045,0
R0046,3
R0047,1
R0048,1
R0049,3
R0050,1
R0051,3
R0052,1
R0053,3
R0054,0
R0055,0
R0056,3
R0057,3
R0058,3
R0059,2
R0060,2
R0061,3
R0062,4
R0063,4
R0064,0
R0065,3
R0066,4
R0067,1
R0068,4
R0069,2
R0070,3
R0071,2
R0072,4
R0073,0
R0074,1
R0075,2
R0076,2
R0077,2
R0078,4
R0079,0
R0080,0
R0081,4
R0082,3
R0083,0
R0084,3
R0085,2
R0086,2
R0087,4
R0088,4
R0089,3
R0090,1
R0091,3
R0092,3
R0093,1
R0094,4
R0095,1
R0096,3
R0097,3
R0098,2
R0099,3
R0100,0
R0101,4
R0102,4
R0103,4
R0104,4
R0105,0
R0106,4
R0107,4
R0108,3
R0109,3
R0110,1
R0111,4
R0112,1
R0113,2
R0114,0
R0115,1
R0116,0
R0117,1
R0118,0
R0119,1
R0120,0
R0121,3
R0122,0
R0123,2
R0124,0
R0125,2
R0126,4
R0127,2
R0128,1
R0129,2
R0130,3
R0131,3
R0132,4
R0133,3
R0134,4
R0135,3
R0136,3
R0137,4
R0138,4
R0139,0
R0140,2
R0141,2
R0142,3
R0143,1
R0144,3
R0145,4
R0146,3
R0147,2
R0148,3
R0149,1
R0150,2
R0151,4
R0152,3
R0153,1
R0154,1
R0155,3
R0156,1
R0157,2
R0158,4
R0159,4
R0160,4
R0161,3
R0162,0
R0163,4
R0164,2
R0165,0
R0166,4
R0167,0
R0168,4
R0169,1
R0170,0
R0171,2
R0172,3
R0173,3
R0174,0
R0175,3
R0176,2
R0177,2
R0178,0
R0179,1
R0180,1
R0181,4
R0182,0
R0183,0
R0184,1
R0185,4
R0186,2
R0187,3
R0188,2
R0189,3
R0190,2
R0191,4
R0192,4
R0193,1
R0194,0
R0195,1
R0196,1
R0197,3
R0198,0
R0199,4
R0200,2
R0201,0
R0202,4
R0203,1
R0204,1
R0205,2
R0206,2
R0207,1
R0208,2
R0209,3
R0210,2
R0211,0
R0212,4
R0213,2
R0214,0
R0215,3
R0216,1
R0217,3
R0218,3
R0219,4
R0220,2
